;Nama Produk;Harga;URL Gambar;Link Produk;;
1;Canola Fuchsia;Rp. 202.500;https://hijab.id/tm_images/produk/thumb/ba17a73fcc67f0a9.jpg;https://hijab.id/detail-produk/canola-fuchsia-774-1.php;;NEW ARIVAL
2;Gravel Lavender;Rp. 202.500;https://hijab.id/tm_images/produk/thumb/e89257abc81d4522.jpg;https://hijab.id/detail-produk/gravel-lavender-860-1.php;;
3;Polka Choco;Rp. 225.000;https://hijab.id/tm_images/produk/thumb/9628d6514cc234bb.jpg;https://hijab.id/detail-produk/polka-choco-869-1.php;;
4;Gravel Cream;Rp. 202.500;https://hijab.id/tm_images/produk/thumb/de46fc065206af49.jpg;https://hijab.id/detail-produk/gravel-cream-865-1.php;;
5;Gravel Pink;Rp. 202.500;https://hijab.id/tm_images/produk/thumb/99ee2b23751c5fbe.jpg;https://hijab.id/detail-produk/gravel-pink-864-1.php;;
6;Gravel Mint;Rp. 202.500;https://hijab.id/tm_images/produk/thumb/92f909ec201b8e05.jpg;https://hijab.id/detail-produk/gravel-mint-862-1.php;;
7;Gravel Peach;Rp. 202.500;https://hijab.id/tm_images/produk/thumb/0b0a4c4c6caf4e11.jpg;https://hijab.id/detail-produk/gravel-peach-861-1.php;;
8;Canola Green;Rp. 202.500;https://hijab.id/tm_images/produk/thumb/b06ce3583bd58212.jpg;https://hijab.id/detail-produk/canola-green-776-1.php;;
9;Japan Olive;Rp. 225.000;https://hijab.id/tm_images/produk/thumb/4846737f826c768b.jpg;https://hijab.id/detail-produk/japan-olive-796-1.php;;
10;Polka Candy Mint;Rp. 225.000;https://hijab.id/tm_images/produk/thumb/a5bb0628506423fa.jpg;https://hijab.id/detail-produk/polka-candy-mint-870-1.php;;
11;Zyva Top Tosca;Rp. 288.990;https://hijab.id/tm_images/produk/thumb/e9dd889c376fbcb7.jpg;https://hijab.id/detail-produk/zyva-top-tosca-734-1.php;;
12;Polka Candy Sage;Rp. 225.000;https://hijab.id/tm_images/produk/thumb/9df7dd21c75ff29f.jpg;https://hijab.id/detail-produk/polka-candy-sage-872-1.php;;
13;Blue Mosque;Rp. 225.000;https://hijab.id/tm_images/produk/thumb/9159c099db143e81.jpg;https://hijab.id/detail-produk/blue-mosque-680-1.php;;BEST SELER
14;Hannah Hijab Instant Mammadis x hijab.id Lemon;Rp. 195.000;https://hijab.id/tm_images/produk/thumb/c2a6e0c1b7f010f1.jpg;https://hijab.id/detail-produk/hannah-hijab-instant-mammadis-x-hijabid-lemon-699-1.php;;
15;Voal plain Olive;Rp. 85.500;https://hijab.id/tm_images/produk/thumb/cc8fdb17835b8fe3.jpg;https://hijab.id/detail-produk/voal-plain-olive-829-1.php;;
16;Hannah Hijab Instant Mammadis x hijab.id Peach ;Rp. 195.000;https://hijab.id/tm_images/produk/thumb/10e3af738e93f607.jpg;https://hijab.id/detail-produk/hannah-hijab-instant-mammadis-x-hijabid-peach-700-1.php;;
17;Water Color Cream;Rp. 225.000;https://hijab.id/tm_images/produk/thumb/eb894e8ace9fcf54.jpg;https://hijab.id/detail-produk/water-color-cream-808-1.php;;
18;Hannah Hijab Instant Mammadis x hijab.id Blush;Rp. 195.000;https://hijab.id/tm_images/produk/thumb/dfe374397696e354.jpg;https://hijab.id/detail-produk/hannah-hijab-instant-mammadis-x-hijabid-blush-701-1.php;;
19;Hannah Hijab Instant Mammadis x hijab.id Pearl;Rp. 195.000;https://hijab.id/tm_images/produk/thumb/f7f44b5d0159f6fa.jpg;https://hijab.id/detail-produk/hannah-hijab-instant-mammadis-x-hijabid-pearl-682-1.php;;
20;Voal Plain Lilac;Rp. 85.500;https://hijab.id/tps://hijab.id/tm_design/sold_out.png;https://hijab.id/detail-produk/voal-plain-lilac-842-1.php;;
21;Voal Plain Rosewood;Rp. 85.500;https://hijab.id/tps://hijab.id/tm_design/sold_out.png;https://hijab.id/detail-produk/voal-plain-rosewood-837-1.php;;
22;Voal Plain Coral;Rp. 85.500;https://hijab.id/tps://hijab.id/tm_design/sold_out.png;https://hijab.id/detail-produk/voal-plain-coral-836-1.php;;
23;Voal Plain Dusty Pink;Rp. 85.500;https://hijab.id/tps://hijab.id/tm_design/sold_out.png;https://hijab.id/detail-produk/voal-plain-dusty-pink-835-1.php;;
24;Voal Plain Blush;Rp. 95.000;https://hijab.id/tps://hijab.id/tm_design/sold_out.png;https://hijab.id/detail-produk/voal-plain-blush-834-1.php;;
25;Zea Blazer Set;Rp. 585.000;https://hijab.id/tps://hijab.id/tm_design/sold_out.png;https://hijab.id/detail-produk/zea-blazer-set-669-1.php;;SALE
26;Zea Long Outer;Rp. 425.000;https://hijab.id/tps://hijab.id/tm_design/sold_out.png;https://hijab.id/detail-produk/zea-long-outer-668-1.php;;
27;Hajjar Dress;Rp. 378.000;https://hijab.id/tps://hijab.id/tm_design/sold_out.png;https://hijab.id/detail-produk/hajjar-dress-660-1.php;;
28;Floni Series Candy;Rp. 225.000;https://hijab.id/tps://hijab.id/tm_design/sold_out.png;https://hijab.id/detail-produk/floni-series-candy-657-1.php;;
29;Goldy;Rp. 190.000;https://hijab.id/tps://hijab.id/tm_design/sold_out.png;https://hijab.id/detail-produk/goldy-610-1.php;;
30;Banara Yellow;Rp. 225.000;https://hijab.id/tps://hijab.id/tm_design/sold_out.png;https://hijab.id/detail-produk/banara-yellow-608-1.php;;
31;Monochrome Scarlet Cream;Rp. 202.500;https://hijab.id/tps://hijab.id/tm_design/sold_out.png;https://hijab.id/detail-produk/monochrome-scarlet-cream-584-1.php;;
32;Monochrome Scarlet Black;Rp. 202.500;https://hijab.id/tps://hijab.id/tm_design/sold_out.png;https://hijab.id/detail-produk/monochrome-scarlet-black-583-1.php;;
33;Wonders of the World - Sand;Rp. 202.500;https://hijab.id/tps://hijab.id/tm_design/sold_out.png;https://hijab.id/detail-produk/wonders-of-the-world-sand-582-1.php;;
34;Wonders of the World - Amethyst;Rp. 202.500;https://hijab.id/tps://hijab.id/tm_design/sold_out.png;https://hijab.id/detail-produk/wonders-of-the-world-amethyst-581-1.php;;
35;Wonders of the World - Mountain;Rp. 202.500;https://hijab.id/tps://hijab.id/tm_design/sold_out.png;https://hijab.id/detail-produk/wonders-of-the-world-mountain-580-1.php;;
36;Wonders of the World - Rock ;Rp. 202.500;https://hijab.id/tps://hijab.id/tm_design/sold_out.png;https://hijab.id/detail-produk/wonders-of-the-world-rock-579-1.php;;
37;Hannah Hijab Instant Mammadis x hijab.id Lemon;Rp. 195.000;https://hijab.id/tm_images/produk/thumb/c2a6e0c1b7f010f1.jpg;https://hijab.id/detail-produk/hannah-hijab-instant-mammadis-x-hijabid-lemon-699-1.php;;HIJAB INSTAN
38;Hannah Hijab Instant Mammadis x hijab.id Peach ;Rp. 195.000;https://hijab.id/tm_images/produk/thumb/10e3af738e93f607.jpg;https://hijab.id/detail-produk/hannah-hijab-instant-mammadis-x-hijabid-peach-700-1.php;;
39;Hannah Hijab Instant Mammadis x hijab.id Blush;Rp. 195.000;https://hijab.id/tm_images/produk/thumb/dfe374397696e354.jpg;https://hijab.id/detail-produk/hannah-hijab-instant-mammadis-x-hijabid-blush-701-1.php;;
40;Hannah Hijab Instant Mammadis x hijab.id Pearl;Rp. 195.000;https://hijab.id/tm_images/produk/thumb/f7f44b5d0159f6fa.jpg;https://hijab.id/detail-produk/hannah-hijab-instant-mammadis-x-hijabid-pearl-682-1.php;;
41;Hannah Hijab Instant Mammadis x hijab.id Ocean;Rp. 195.000;https://hijab.id/tps://hijab.id/tm_design/sold_out.png;https://hijab.id/detail-produk/hannah-hijab-instant-mammadis-x-hijabid-ocean-686-1.php;;
42;Hannah Hijab Instant Mammadis x hijab.id Nude;Rp. 195.000;https://hijab.id/tps://hijab.id/tm_design/sold_out.png;https://hijab.id/detail-produk/hannah-hijab-instant-mammadis-x-hijabid-nude-685-1.php;;
43;Hannah Hijab Instant Mammadis x hijab.id Black;Rp. 195.000;https://hijab.id/tps://hijab.id/tm_design/sold_out.png;https://hijab.id/detail-produk/hannah-hijab-instant-mammadis-x-hijabid-black-684-1.php;;
44;Hannah Hijab Instant Mammadis x hijab.id Olive;Rp. 195.000;https://hijab.id/tps://hijab.id/tm_design/sold_out.png;https://hijab.id/detail-produk/hannah-hijab-instant-mammadis-x-hijabid-olive-683-1.php;;
45;Hannah Hijab Instan Olive;Rp. 195.000;https://hijab.id/tps://hijab.id/tm_design/sold_out.png;https://hijab.id/detail-produk/hannah-hijab-instan-olive-652-1.php;;
46;Hannah Hijab Instan Peach;Rp. 195.000;https://hijab.id/tps://hijab.id/tm_design/sold_out.png;https://hijab.id/detail-produk/hannah-hijab-instan-peach-651-1.php;;
47;Hannah Hijab Instan Pearl;Rp. 195.000;https://hijab.id/tps://hijab.id/tm_design/sold_out.png;https://hijab.id/detail-produk/hannah-hijab-instan-pearl-650-1.php;;
48;Hannah Hijab Instan Lemon;Rp. 195.000;https://hijab.id/tps://hijab.id/tm_design/sold_out.png;https://hijab.id/detail-produk/hannah-hijab-instan-lemon-649-1.php;;
49;Hannah Hijab Instan Ocean;Rp. 195.000;https://hijab.id/tps://hijab.id/tm_design/sold_out.png;https://hijab.id/detail-produk/hannah-hijab-instan-ocean-648-1.php;;
50;Hannah Hijab Instan Blush;Rp. 195.000;https://hijab.id/tps://hijab.id/tm_design/sold_out.png;https://hijab.id/detail-produk/hannah-hijab-instan-blush-647-1.php;;
51;Pashmina Ceruty Lilac;Rp. 71.100;https://hijab.id/tm_images/produk/thumb/3806ca3f3ccc288d.jpg;https://hijab.id/detail-produk/pashmina-ceruty-lilac-816-1.php;;HIJAB PASHMINA
52;Pashmina Ceruty Mustard;Rp. 71.100;https://hijab.id/tm_images/produk/thumb/8895be1d607b0d7e.jpg;https://hijab.id/detail-produk/pashmina-ceruty-mustard-814-1.php;;
53;Pashmina Ceruty Taro;Rp. 71.100;https://hijab.id/tm_images/produk/thumb/b231d8217bc6fc39.jpg;https://hijab.id/detail-produk/pashmina-ceruty-taro-801-1.php;;
54;Abina Pashmina Blue;Rp. 225.000;https://hijab.id/tm_images/produk/thumb/839887d266e03fc9.jpg;https://hijab.id/detail-produk/abina-pashmina-blue-441-1.php;;
55;Abina Pashmina Purple;Rp. 225.000;https://hijab.id/tm_images/produk/thumb/4ce8373dccc205f7.jpg;https://hijab.id/detail-produk/abina-pashmina-purple-440-1.php;;
56;Pashmina Ceruty Matcha;Rp. 71.100;https://hijab.id/tps://hijab.id/tm_design/sold_out.png;https://hijab.id/detail-produk/pashmina-ceruty-matcha-825-1.php;;
57;Pashmina Ceruty White;Rp. 71.100;https://hijab.id/tps://hijab.id/tm_design/sold_out.png;https://hijab.id/detail-produk/pashmina-ceruty-white-824-1.php;;
58;Pashmina Ceruty Milo;Rp. 71.100;https://hijab.id/tps://hijab.id/tm_design/sold_out.png;https://hijab.id/detail-produk/pashmina-ceruty-milo-823-1.php;;
59;Pashmina Ceruty Aqua;Rp. 71.100;https://hijab.id/tps://hijab.id/tm_design/sold_out.png;https://hijab.id/detail-produk/pashmina-ceruty-aqua-822-1.php;;
60;Pashmina Ceruty Khaki;Rp. 71.100;https://hijab.id/tps://hijab.id/tm_design/sold_out.png;https://hijab.id/detail-produk/pashmina-ceruty-khaki-820-1.php;;
61;Pashmina Ceruty Silver;Rp. 71.100;https://hijab.id/tps://hijab.id/tm_design/sold_out.png;https://hijab.id/detail-produk/pashmina-ceruty-silver-819-1.php;;
62;Pashmina Ceruty Almond;Rp. 71.100;https://hijab.id/tps://hijab.id/tm_design/sold_out.png;https://hijab.id/detail-produk/pashmina-ceruty-almond-818-1.php;;
63;Pashmina Ceruty Pearly Purple;Rp. 71.100;https://hijab.id/tps://hijab.id/tm_design/sold_out.png;https://hijab.id/detail-produk/pashmina-ceruty-pearly-purple-817-1.php;;
64;Pashmina Ceruty Salmon;Rp. 71.100;https://hijab.id/tps://hijab.id/tm_design/sold_out.png;https://hijab.id/detail-produk/pashmina-ceruty-salmon-815-1.php;;
65;Pashmina Ceruty Blue Jeans;Rp. 71.100;https://hijab.id/tps://hijab.id/tm_design/sold_out.png;https://hijab.id/detail-produk/pashmina-ceruty-blue-jeans-813-1.php;;
66;Pashmina Ceruty Mint;Rp. 71.100;https://hijab.id/tps://hijab.id/tm_design/sold_out.png;https://hijab.id/detail-produk/pashmina-ceruty-mint-802-1.php;;
67;Pashmina Ceruty Nude;Rp. 71.100;https://hijab.id/tps://hijab.id/tm_design/sold_out.png;https://hijab.id/detail-produk/pashmina-ceruty-nude-761-1.php;;
68;Abina Pashmina Brown;Rp. 225.000;https://hijab.id/tps://hijab.id/tm_design/sold_out.png;https://hijab.id/detail-produk/abina-pashmina-brown-439-1.php;;
69;Abina Pashmina Black;Rp. 225.000;https://hijab.id/tps://hijab.id/tm_design/sold_out.png;https://hijab.id/detail-produk/abina-pashmina-black-438-1.php;;
70;Abina Pashmina Red;Rp. 225.000;https://hijab.id/tps://hijab.id/tm_design/sold_out.png;https://hijab.id/detail-produk/abina-pashmina-red-437-1.php;;
71;Voal Plain White;Rp. 85.500;https://hijab.id/tm_images/produk/thumb/913a5686961207d3.jpg;https://hijab.id/detail-produk/voal-plain-white-850-1.php;;PLAIN HIJAB SQUERE
72;Paris Premium Olive;Rp. 121.500;https://hijab.id/tm_images/produk/thumb/5025236af826c9cb.jpg;https://hijab.id/detail-produk/paris-premium-olive-767-1.php;;
73;Voal plain Olive;Rp. 85.500;https://hijab.id/tm_images/produk/thumb/cc8fdb17835b8fe3.jpg;https://hijab.id/detail-produk/voal-plain-olive-829-1.php;;
74;Paris Premium Pink Coral;Rp. 121.500;https://hijab.id/tm_images/produk/thumb/2ee150cb3fce6f52.jpg;https://hijab.id/detail-produk/paris-premium-pink-coral-765-1.php;;
75;Voal plain Salmon;Rp. 85.500;https://hijab.id/tm_images/produk/thumb/90a8d283208cf02f.jpg;https://hijab.id/detail-produk/voal-plain-salmon-857-1.php;;
76;Voal PLain Dark Choco;Rp. 85.500;https://hijab.id/tm_images/produk/thumb/d8f091f689e1d64f.jpg;https://hijab.id/detail-produk/voal-plain-dark-choco-854-1.php;;
77;Voal Plain Navy;Rp. 95.000;https://hijab.id/tps://hijab.id/tm_design/sold_out.png;https://hijab.id/detail-produk/voal-plain-navy-859-1.php;;
78;Voal Plain Grey;Rp. 85.500;https://hijab.id/tps://hijab.id/tm_design/sold_out.png;https://hijab.id/detail-produk/voal-plain-grey-858-1.php;;
79;Voal Plain Pink Rouge;Rp. 85.500;https://hijab.id/tps://hijab.id/tm_design/sold_out.png;https://hijab.id/detail-produk/voal-plain-pink-rouge-855-1.php;;
80;Voal Plain Latte;Rp. 85.500;https://hijab.id/tps://hijab.id/tm_design/sold_out.png;https://hijab.id/detail-produk/voal-plain-latte-852-1.php;;
81;Voal Plain Black;Rp. 95.000;https://hijab.id/tps://hijab.id/tm_design/sold_out.png;https://hijab.id/detail-produk/voal-plain-black-851-1.php;;
82;Voal Plain Mustard;Rp. 85.500;https://hijab.id/tps://hijab.id/tm_design/sold_out.png;https://hijab.id/detail-produk/voal-plain-mustard-846-1.php;;
83;Voal Plain Silver;Rp. 95.000;https://hijab.id/tps://hijab.id/tm_design/sold_out.png;https://hijab.id/detail-produk/voal-plain-silver-845-1.php;;
84;Voal Plain Brick;Rp. 95.000;https://hijab.id/tps://hijab.id/tm_design/sold_out.png;https://hijab.id/detail-produk/voal-plain-brick-844-1.php;;
85;Voal Plain Brown;Rp. 85.500;https://hijab.id/tps://hijab.id/tm_design/sold_out.png;https://hijab.id/detail-produk/voal-plain-brown-843-1.php;;
86;Voal Plain Lilac;Rp. 85.500;https://hijab.id/tps://hijab.id/tm_design/sold_out.png;https://hijab.id/detail-produk/voal-plain-lilac-842-1.php;;
87;Voal Plain Lava Grey;Rp. 85.500;https://hijab.id/tps://hijab.id/tm_design/sold_out.png;https://hijab.id/detail-produk/voal-plain-lava-grey-840-1.php;;
88;Voal Plain Red;Rp. 85.500;https://hijab.id/tps://hijab.id/tm_design/sold_out.png;https://hijab.id/detail-produk/voal-plain-red-839-1.php;;
89;Voal Plain Burgundy;Rp. 85.500;https://hijab.id/tps://hijab.id/tm_design/sold_out.png;https://hijab.id/detail-produk/voal-plain-burgundy-838-1.php;;
90;Voal Plain Rosewood;Rp. 85.500;https://hijab.id/tps://hijab.id/tm_design/sold_out.png;https://hijab.id/detail-produk/voal-plain-rosewood-837-1.php;;
91;Voal Plain Coral;Rp. 85.500;https://hijab.id/tps://hijab.id/tm_design/sold_out.png;https://hijab.id/detail-produk/voal-plain-coral-836-1.php;;
92;Voal Plain Dusty Pink;Rp. 85.500;https://hijab.id/tps://hijab.id/tm_design/sold_out.png;https://hijab.id/detail-produk/voal-plain-dusty-pink-835-1.php;;
93;Voal Plain Blush;Rp. 95.000;https://hijab.id/tps://hijab.id/tm_design/sold_out.png;https://hijab.id/detail-produk/voal-plain-blush-834-1.php;;
94;Voal Plain Corn;Rp. 85.500;https://hijab.id/tps://hijab.id/tm_design/sold_out.png;https://hijab.id/detail-produk/voal-plain-corn-833-1.php;;
95;Voal Plain Lime;Rp. 85.500;https://hijab.id/tps://hijab.id/tm_design/sold_out.png;https://hijab.id/detail-produk/voal-plain-lime-832-1.php;;
96;Voal Plain Dark Sage;Rp. 85.500;https://hijab.id/tps://hijab.id/tm_design/sold_out.png;https://hijab.id/detail-produk/voal-plain-dark-sage-831-1.php;;
97;Voal Plain Army;Rp. 85.500;https://hijab.id/tps://hijab.id/tm_design/sold_out.png;https://hijab.id/detail-produk/voal-plain-army-830-1.php;;
98;Paris Premium Brown;Rp. 121.500;https://hijab.id/tps://hijab.id/tm_design/sold_out.png;https://hijab.id/detail-produk/paris-premium-brown-773-1.php;;
99;Paris Premium Dusty Pink;Rp. 121.500;https://hijab.id/tps://hijab.id/tm_design/sold_out.png;https://hijab.id/detail-produk/paris-premium-dusty-pink-772-1.php;;
100;Paris Premium Lime;Rp. 121.500;https://hijab.id/tps://hijab.id/tm_design/sold_out.png;https://hijab.id/detail-produk/paris-premium-lime-771-1.php;;
101;Paris Premium Sage;Rp. 121.500;https://hijab.id/tps://hijab.id/tm_design/sold_out.png;https://hijab.id/detail-produk/paris-premium-sage-770-1.php;;
102;Paris Premium Black;Rp. 121.500;https://hijab.id/tps://hijab.id/tm_design/sold_out.png;https://hijab.id/detail-produk/paris-premium-black-768-1.php;;
103;Paris Premium Violet;Rp. 121.500;https://hijab.id/tps://hijab.id/tm_design/sold_out.png;https://hijab.id/detail-produk/paris-premium-violet-766-1.php;;
104;Paris Premium Cream;Rp. 121.500;https://hijab.id/tps://hijab.id/tm_design/sold_out.png;https://hijab.id/detail-produk/paris-premium-cream-762-1.php;;
105;Paris Premium Mustard;Rp. 121.500;https://hijab.id/tps://hijab.id/tm_design/sold_out.png;https://hijab.id/detail-produk/paris-premium-mustard-760-1.php;;
106;Canola Fuchsia;Rp. 202.500;https://hijab.id/tm_images/produk/thumb/ba17a73fcc67f0a9.jpg;https://hijab.id/detail-produk/canola-fuchsia-774-1.php;;PRINTED HIJAB SQUERE
107;Aya;Rp. 225.000;https://hijab.id/tm_images/produk/thumb/599c32ebb9322b04.jpg;https://hijab.id/detail-produk/aya-535-1.php;;
108;Blue Mosque;Rp. 225.000;https://hijab.id/tm_images/produk/thumb/9159c099db143e81.jpg;https://hijab.id/detail-produk/blue-mosque-680-1.php;;
109;Gravel Lavender;Rp. 202.500;https://hijab.id/tm_images/produk/thumb/e89257abc81d4522.jpg;https://hijab.id/detail-produk/gravel-lavender-860-1.php;;
110;Polka Choco;Rp. 225.000;https://hijab.id/tm_images/produk/thumb/9628d6514cc234bb.jpg;https://hijab.id/detail-produk/polka-choco-869-1.php;;
111;Gravel Cream;Rp. 202.500;https://hijab.id/tm_images/produk/thumb/de46fc065206af49.jpg;https://hijab.id/detail-produk/gravel-cream-865-1.php;;
112;Gravel Pink;Rp. 202.500;https://hijab.id/tm_images/produk/thumb/99ee2b23751c5fbe.jpg;https://hijab.id/detail-produk/gravel-pink-864-1.php;;
113;Gravel Mint;Rp. 202.500;https://hijab.id/tm_images/produk/thumb/92f909ec201b8e05.jpg;https://hijab.id/detail-produk/gravel-mint-862-1.php;;
114;Gravel Peach;Rp. 202.500;https://hijab.id/tm_images/produk/thumb/0b0a4c4c6caf4e11.jpg;https://hijab.id/detail-produk/gravel-peach-861-1.php;;
115;Canola Green;Rp. 202.500;https://hijab.id/tm_images/produk/thumb/b06ce3583bd58212.jpg;https://hijab.id/detail-produk/canola-green-776-1.php;;
116;Japan Olive;Rp. 225.000;https://hijab.id/tm_images/produk/thumb/4846737f826c768b.jpg;https://hijab.id/detail-produk/japan-olive-796-1.php;;
117;Polka Candy Mint;Rp. 225.000;https://hijab.id/tm_images/produk/thumb/a5bb0628506423fa.jpg;https://hijab.id/detail-produk/polka-candy-mint-870-1.php;;
118;Bosphorus Mocca;Rp. 225.000;https://hijab.id/tm_images/produk/thumb/39491f974fc4e9c7.jpg;https://hijab.id/detail-produk/bosphorus-mocca-674-1.php;;
119;Polka Candy Sage;Rp. 225.000;https://hijab.id/tm_images/produk/thumb/9df7dd21c75ff29f.jpg;https://hijab.id/detail-produk/polka-candy-sage-872-1.php;;
120;Polka Candy blue;Rp. 225.000;https://hijab.id/tm_images/produk/thumb/43e47e22a9d796e1.jpg;https://hijab.id/detail-produk/polka-candy-blue-873-1.php;;
121;Asoka Blue;Rp. 225.000;https://hijab.id/tm_images/produk/thumb/bc05866e80b3af4c.jpg;https://hijab.id/detail-produk/asoka-blue-357-1.php;;
122;Polka Mint;Rp. 225.000;https://hijab.id/tm_images/produk/thumb/ec7f3e8047c5b1f0.jpg;https://hijab.id/detail-produk/polka-mint-866-1.php;;
123;Floral Blossom Blush Yellow;Rp. 225.000;https://hijab.id/tm_images/produk/thumb/ebbb61e31d6daf74.jpg;https://hijab.id/detail-produk/floral-blossom-blush-yellow-913-1.php;;
124;Polka Denim;Rp. 225.000;https://hijab.id/tm_images/produk/thumb/28a020b6e763fdd9.jpg;https://hijab.id/detail-produk/polka-denim-868-1.php;;
125;Gravel Grey;Rp. 202.500;https://hijab.id/tm_images/produk/thumb/ead2821b1fdc9d4c.jpg;https://hijab.id/detail-produk/gravel-grey-863-1.php;;
126;Water Color Cream;Rp. 225.000;https://hijab.id/tm_images/produk/thumb/eb894e8ace9fcf54.jpg;https://hijab.id/detail-produk/water-color-cream-808-1.php;;
127;Japan Violet;Rp. 225.000;https://hijab.id/tm_images/produk/thumb/16c0515889c340a5.jpg;https://hijab.id/detail-produk/japan-violet-799-1.php;;
128;Canola Brown;Rp. 202.500;https://hijab.id/tm_images/produk/thumb/cad22dbfbc3edb7d.jpg;https://hijab.id/detail-produk/canola-brown-778-1.php;;
129;Tile Blue;Rp. 202.500;https://hijab.id/tm_images/produk/thumb/9be8f88cce50be04.jpg;https://hijab.id/detail-produk/tile-blue-758-1.php;;
130;Banara Ethnic Bright;Rp. 225.000;https://hijab.id/tm_images/produk/thumb/7b47935890ecdecd.jpg;https://hijab.id/detail-produk/banara-ethnic-bright-593-1.php;;
131;Banara Ethnic Black;Rp. 225.000;https://hijab.id/tm_images/produk/thumb/4d030e121e7f61f1.jpg;https://hijab.id/detail-produk/banara-ethnic-black-592-1.php;;
132;Asoka Seaweed;Rp. 225.000;https://hijab.id/tm_images/produk/thumb/6a0cb9d0b70da814.jpg;https://hijab.id/detail-produk/asoka-seaweed-359-1.php;;
133;Water Color Navy;Rp. 225.000;https://hijab.id/tps://hijab.id/tm_design/sold_out.png;https://hijab.id/detail-produk/water-color-navy-812-1.php;;
134;Water Color Purple;Rp. 225.000;https://hijab.id/tps://hijab.id/tm_design/sold_out.png;https://hijab.id/detail-produk/water-color-purple-811-1.php;;
135;Water Color Green;Rp. 225.000;https://hijab.id/tps://hijab.id/tm_design/sold_out.png;https://hijab.id/detail-produk/water-color-green-810-1.php;;
136;Water Color Black;Rp. 225.000;https://hijab.id/tps://hijab.id/tm_design/sold_out.png;https://hijab.id/detail-produk/water-color-black-809-1.php;;
137;Japan Cream;Rp. 225.000;https://hijab.id/tps://hijab.id/tm_design/sold_out.png;https://hijab.id/detail-produk/japan-cream-800-1.php;;
138;Japan Nude Pink;Rp. 225.000;https://hijab.id/tps://hijab.id/tm_design/sold_out.png;https://hijab.id/detail-produk/japan-nude-pink-798-1.php;;
139;Japan Blue;Rp. 225.000;https://hijab.id/tps://hijab.id/tm_design/sold_out.png;https://hijab.id/detail-produk/japan-blue-797-1.php;;
140;Fuji Peach;Rp. 202.500;https://hijab.id/tps://hijab.id/tm_design/sold_out.png;https://hijab.id/detail-produk/fuji-peach-786-1.php;;
141;Fuji Grey;Rp. 202.500;https://hijab.id/tps://hijab.id/tm_design/sold_out.png;https://hijab.id/detail-produk/fuji-grey-785-1.php;;
142;Gingham Dress Grey;Rp. 425.000;https://hijab.id/tm_images/produk/thumb/ae20114222d6655f.jpg;https://hijab.id/detail-produk/gingham-dress-grey-874-1.php;;
143;Gingham Dress Tosca;Rp. 425.000;https://hijab.id/tps://hijab.id/tm_design/sold_out.png;https://hijab.id/detail-produk/gingham-dress-tosca-876-1.php;;
144;Gingham Dress Peony;Rp. 425.000;https://hijab.id/tps://hijab.id/tm_design/sold_out.png;https://hijab.id/detail-produk/gingham-dress-peony-875-1.php;;
145;Dira Long Tunic Pink (Renda);Rp. 419.000;https://hijab.id/tps://hijab.id/tm_design/sold_out.png;https://hijab.id/detail-produk/dira-long-tunic-pink-renda-828-1.php;;
146;Dira Long Tunic Pink ;Rp. 379.000;https://hijab.id/tps://hijab.id/tm_design/sold_out.png;https://hijab.id/detail-produk/dira-long-tunic-pink-827-1.php;;
147;Dira Long Tunic Sage;Rp. 379.000;https://hijab.id/tps://hijab.id/tm_design/sold_out.png;https://hijab.id/detail-produk/dira-long-tunic-sage-806-1.php;;
148;Dira Long Tunic Cream;Rp. 377.100;https://hijab.id/tps://hijab.id/tm_design/sold_out.png;https://hijab.id/detail-produk/dira-long-tunic-cream-805-1.php;;
149;Dira Long Tunic Brown;Rp. 377.100;https://hijab.id/tps://hijab.id/tm_design/sold_out.png;https://hijab.id/detail-produk/dira-long-tunic-brown-804-1.php;;
150;Dira Long Tunic Black;Rp. 419.000;https://hijab.id/tps://hijab.id/tm_design/sold_out.png;https://hijab.id/detail-produk/dira-long-tunic-black-803-1.php;;
151;Zea Long Outer;Rp. 425.000;https://hijab.id/tps://hijab.id/tm_design/sold_out.png;https://hijab.id/detail-produk/zea-long-outer-668-1.php;;
152;Hajjar Dress;Rp. 378.000;https://hijab.id/tps://hijab.id/tm_design/sold_out.png;https://hijab.id/detail-produk/hajjar-dress-660-1.php;;
153;Zeline Plisket Dress;Rp. 625.000;https://hijab.id/tps://hijab.id/tm_design/sold_out.png;https://hijab.id/detail-produk/zeline-plisket-dress-525-1.php;;
154;Ainun Dress Navy Black;Rp. 275.000;https://hijab.id/tps://hijab.id/tm_design/sold_out.png;https://hijab.id/detail-produk/ainun-dress-navy-black-463-1.php;;
155;Ainun Dress Mustard ;Rp. 275.000;https://hijab.id/tps://hijab.id/tm_design/sold_out.png;https://hijab.id/detail-produk/ainun-dress-mustard-462-1.php;;
156;Ainun Dress Peach ;Rp. 275.000;https://hijab.id/tps://hijab.id/tm_design/sold_out.png;https://hijab.id/detail-produk/ainun-dress-peach-461-1.php;;
157;Raya Dress;Rp. 750.000;https://hijab.id/tps://hijab.id/tm_design/sold_out.png;https://hijab.id/detail-produk/raya-dress-444-1.php;;
158;Sidney Dress;Rp. 525.000;https://hijab.id/tps://hijab.id/tm_design/sold_out.png;https://hijab.id/detail-produk/sidney-dress-443-1.php;;
159;Orlin Dress;Rp. 525.000;https://hijab.id/tps://hijab.id/tm_design/sold_out.png;https://hijab.id/detail-produk/orlin-dress-442-1.php;;
160;Nura Dress;Rp. 650.000;https://hijab.id/tps://hijab.id/tm_design/sold_out.png;https://hijab.id/detail-produk/nura-dress-351-1.php;;
161;Alura Kaftan;Rp. 550.000;https://hijab.id/tps://hijab.id/tm_design/sold_out.png;https://hijab.id/detail-produk/alura-kaftan-350-1.php;;
162;Ameena Set Cream;Rp. 425.000;https://hijab.id/tps://hijab.id/tm_design/sold_out.png;https://hijab.id/detail-produk/ameena-set-cream-879-1.php;;
163;Ameena Set Black;Rp. 425.000;https://hijab.id/tps://hijab.id/tm_design/sold_out.png;https://hijab.id/detail-produk/ameena-set-black-878-1.php;;
164;Ameena Set Sage;Rp. 425.000;https://hijab.id/tps://hijab.id/tm_design/sold_out.png;https://hijab.id/detail-produk/ameena-set-sage-877-1.php;;
165;Camilla set black;Rp. 239.000;https://hijab.id/tps://hijab.id/tm_design/sold_out.png;https://hijab.id/detail-produk/camilla-set-black-722-1.php;;
166;Camilla Set Salmon;Rp. 239.000;https://hijab.id/tps://hijab.id/tm_design/sold_out.png;https://hijab.id/detail-produk/camilla-set-salmon-721-1.php;;
167;Camilla set Milo;Rp. 239.000;https://hijab.id/tps://hijab.id/tm_design/sold_out.png;https://hijab.id/detail-produk/camilla-set-milo-720-1.php;;
168;Zea Blazer Set;Rp. 585.000;https://hijab.id/tps://hijab.id/tm_design/sold_out.png;https://hijab.id/detail-produk/zea-blazer-set-669-1.php;;
169;Camilla Collection Mustard;Rp. 239.000;https://hijab.id/tps://hijab.id/tm_design/sold_out.png;https://hijab.id/detail-produk/camilla-collection-mustard-666-1.php;;
170;Camilla Collection Lilac;Rp. 239.000;https://hijab.id/tps://hijab.id/tm_design/sold_out.png;https://hijab.id/detail-produk/camilla-collection-lilac-665-1.php;;
171;Camilla Collection Tosca;Rp. 239.000;https://hijab.id/tps://hijab.id/tm_design/sold_out.png;https://hijab.id/detail-produk/camilla-collection-tosca-664-1.php;;
172;Camilla Collection Navy;Rp. 239.000;https://hijab.id/tps://hijab.id/tm_design/sold_out.png;https://hijab.id/detail-produk/camilla-collection-navy-663-1.php;;
173;Camilla Collection Sage;Rp. 239.000;https://hijab.id/tps://hijab.id/tm_design/sold_out.png;https://hijab.id/detail-produk/camilla-collection-sage-662-1.php;;
174;Zyva Top Tosca;Rp. 288.990;https://hijab.id/tm_images/produk/thumb/e9dd889c376fbcb7.jpg;https://hijab.id/detail-produk/zyva-top-tosca-734-1.php;;
175;Zyva Top Pink;Rp. 288.990;https://hijab.id/tm_images/produk/thumb/83084bcfc6c151dd.jpg;https://hijab.id/detail-produk/zyva-top-pink-733-1.php;;
176;Zyva Top Cream;Rp. 288.990;https://hijab.id/tps://hijab.id/tm_design/sold_out.png;https://hijab.id/detail-produk/zyva-top-cream-735-1.php;;
177;Abya Tunik Gold;Rp. 625.000;https://hijab.id/tps://hijab.id/tm_design/sold_out.png;https://hijab.id/detail-produk/abya-tunik-gold-731-1.php;;
178;Abya Tunik White;Rp. 625.000;https://hijab.id/tps://hijab.id/tm_design/sold_out.png;https://hijab.id/detail-produk/abya-tunik-white-730-1.php;;
179;Tunik x Mammadis;Rp. 278.000;https://hijab.id/tps://hijab.id/tm_design/sold_out.png;https://hijab.id/detail-produk/tunik-x-mammadis-661-1.php;;
180;Jasmin Grey;Rp. 375.000;https://hijab.id/tps://hijab.id/tm_design/sold_out.png;https://hijab.id/detail-produk/jasmin-grey-559-1.php;;
181;Zea Blazer Lemon;Rp. 525.000;https://hijab.id/tps://hijab.id/tm_design/sold_out.png;https://hijab.id/detail-produk/zea-blazer-lemon-354-1.php;;
182;Zea Blazer Navy;Rp. 525.000;https://hijab.id/tps://hijab.id/tm_design/sold_out.png;https://hijab.id/detail-produk/zea-blazer-navy-353-1.php;;
183;Arfa Top;Rp. 349.000;https://hijab.id/tps://hijab.id/tm_design/sold_out.png;https://hijab.id/detail-produk/arfa-top-352-1.php;;
184;Bandana Rajut (Paket 3);Rp. 100.000;https://hijab.id/tm_images/produk/thumb/f7502fe7ce7ce16e.jpg;https://hijab.id/detail-produk/bandana-rajut-paket-3-849-1.php;;
185;Bandana Rajut (Paket 1);Rp. 100.000;https://hijab.id/tm_images/produk/thumb/49d21aba26b32ff0.jpg;https://hijab.id/detail-produk/bandana-rajut-paket-1-848-1.php;;
186;Bandana Rajut (Paket 2);Rp. 100.000;https://hijab.id/tm_images/produk/thumb/b068a9a539b64a07.jpg;https://hijab.id/detail-produk/bandana-rajut-paket-2-847-1.php;;
187;Tosca-Dark Grey;Rp. 35.000;https://hijab.id/tps://hijab.id/tm_design/sold_out.png;https://hijab.id/detail-produk/tosca-dark-grey-544-1.php;;
188;Light Tosca-Dark Grey;Rp. 35.000;https://hijab.id/tps://hijab.id/tm_design/sold_out.png;https://hijab.id/detail-produk/light-tosca-dark-grey-543-1.php;;
189;Light Green- Army;Rp. 35.000;https://hijab.id/tps://hijab.id/tm_design/sold_out.png;https://hijab.id/detail-produk/light-green--army-542-1.php;;
190;Pink-Maroon;Rp. 35.000;https://hijab.id/tps://hijab.id/tm_design/sold_out.png;https://hijab.id/detail-produk/pink-maroon-541-1.php;;
191;Blue-Navy;Rp. 35.000;https://hijab.id/tps://hijab.id/tm_design/sold_out.png;https://hijab.id/detail-produk/blue-navy-540-1.php;;
192;Black-Dark Pink;Rp. 35.000;https://hijab.id/tps://hijab.id/tm_design/sold_out.png;https://hijab.id/detail-produk/black-dark-pink-539-1.php;;
193;Cream-Tiramisu;Rp. 35.000;https://hijab.id/tps://hijab.id/tm_design/sold_out.png;https://hijab.id/detail-produk/cream-tiramisu-538-1.php;;
194;White-Night Shade;Rp. 35.000;https://hijab.id/tps://hijab.id/tm_design/sold_out.png;https://hijab.id/detail-produk/white-night-shade-537-1.php;;
195;White-Grey;Rp. 35.000;https://hijab.id/tps://hijab.id/tm_design/sold_out.png;https://hijab.id/detail-produk/white-grey-536-1.php;;
196;Legging Wudhu Brown;Rp. 110.000;https://hijab.id/tps://hijab.id/tm_design/sold_out.png;https://hijab.id/detail-produk/legging-wudhu-brown-475-1.php;;
197;Legging Wudhu Red;Rp. 110.000;https://hijab.id/tps://hijab.id/tm_design/sold_out.png;https://hijab.id/detail-produk/legging-wudhu-red-474-1.php;;
198;Legging Wudhu Black;Rp. 110.000;https://hijab.id/tps://hijab.id/tm_design/sold_out.png;https://hijab.id/detail-produk/legging-wudhu-black-473-1.php;;
199;Legging Wudhu Cream;Rp. 110.000;https://hijab.id/tps://hijab.id/tm_design/sold_out.png;https://hijab.id/detail-produk/legging-wudhu-cream-472-1.php;;
200;Legging Wudhu Navy;Rp. 110.000;https://hijab.id/tps://hijab.id/tm_design/sold_out.png;https://hijab.id/detail-produk/legging-wudhu-navy-470-1.php;;
201;Legging Wudhu White;Rp. 110.000;https://hijab.id/tps://hijab.id/tm_design/sold_out.png;https://hijab.id/detail-produk/legging-wudhu-white-469-1.php;;
202;Masker Headloop Hannah Peach;Rp. 30.000;https://hijab.id/tm_images/produk/thumb/7015bab1ca775311.jpg;https://hijab.id/detail-produk/masker-headloop-hannah-peach-697-1.php;;
203;Masker Headloop Hannah Blush;Rp. 30.000;https://hijab.id/tm_images/produk/thumb/20604907b47654b5.jpg;https://hijab.id/detail-produk/masker-headloop-hannah-blush-693-1.php;;
204;Masker Headloop Hannah Lemon;Rp. 30.000;https://hijab.id/tm_images/produk/thumb/370ae1b2c7851668.jpg;https://hijab.id/detail-produk/masker-headloop-hannah-lemon-694-1.php;;
205;Masker Headloop Hannah Pearl;Rp. 30.000;https://hijab.id/tps://hijab.id/tm_design/sold_out.png;https://hijab.id/detail-produk/masker-headloop-hannah-pearl-698-1.php;;
206;Masker Headloop Hannah Olive;Rp. 30.000;https://hijab.id/tps://hijab.id/tm_design/sold_out.png;https://hijab.id/detail-produk/masker-headloop-hannah-olive-696-1.php;;
207;Masker Headloop Hannah Ocean;Rp. 30.000;https://hijab.id/tps://hijab.id/tm_design/sold_out.png;https://hijab.id/detail-produk/masker-headloop-hannah-ocean-695-1.php;;
208;Masker Headloop Chloe Twist;Rp. 30.000;https://hijab.id/tps://hijab.id/tm_design/sold_out.png;https://hijab.id/detail-produk/masker-headloop-chloe-twist-630-1.php;;
209;Masker Headloop Monochrome Ebony;Rp. 30.000;https://hijab.id/tps://hijab.id/tm_design/sold_out.png;https://hijab.id/detail-produk/masker-headloop-monochrome-ebony-629-1.php;;
210;Masker Headloop Monochrome Scarlet Black;Rp. 30.000;https://hijab.id/tps://hijab.id/tm_design/sold_out.png;https://hijab.id/detail-produk/masker-headloop-monochrome-scarlet-black-628-1.php;;
211;Masker Headloop Chloe Bloom;Rp. 30.000;https://hijab.id/tps://hijab.id/tm_design/sold_out.png;https://hijab.id/detail-produk/masker-headloop-chloe-bloom-627-1.php;;
212;Masker Headloop Monochrome Cappucino;Rp. 30.000;https://hijab.id/tps://hijab.id/tm_design/sold_out.png;https://hijab.id/detail-produk/masker-headloop-monochrome-cappucino-626-1.php;;
213;Masker Headloop Bohemian;Rp. 30.000;https://hijab.id/tps://hijab.id/tm_design/sold_out.png;https://hijab.id/detail-produk/masker-headloop-bohemian-625-1.php;;
214;Masker Headloop  Banara Orange;Rp. 30.000;https://hijab.id/tps://hijab.id/tm_design/sold_out.png;https://hijab.id/detail-produk/masker-headloop-banara-orange-624-1.php;;
215;Masker Headloop Ethnic Banara Bright;Rp. 30.000;https://hijab.id/tps://hijab.id/tm_design/sold_out.png;https://hijab.id/detail-produk/masker-headloop-ethnic-banara-bright-623-1.php;;
